"Status","Start Time","Stop Time","Duration in ms","Parent Suite","Suite","Sub Suite","Test Class","Test Method","Name","Description"
"broken","Sat Apr 08 15:53:07 EDT 2023","Sat Apr 08 15:53:16 EDT 2023","9342","","Hotels Signup","","","","Verify error message for invalid data in SignUp form",""
"broken","Sat Apr 08 15:15:42 EDT 2023","Sat Apr 08 15:15:46 EDT 2023","3641","","Hotels Signup","","","","Verify error message for invalid data in SignUp form",""
"failed","Sun Apr 09 12:01:31 EDT 2023","Sun Apr 09 12:01:43 EDT 2023","12388","","Hotels Signup","","","","Verify error message for invalid data in SignUp form",""
"broken","Sat Apr 08 15:28:50 EDT 2023","Sat Apr 08 15:28:54 EDT 2023","3487","","Hotels Signup","","","","Verify error message for invalid data in SignUp form",""
"broken","Sat Apr 08 15:44:49 EDT 2023","Sat Apr 08 15:44:58 EDT 2023","9538","","Hotels Signup","","","","Verify error message for invalid data in SignUp form",""
"broken","Sun Apr 09 12:03:11 EDT 2023","Sun Apr 09 12:03:22 EDT 2023","11715","","Hotels Signup","","","","Verify error message for invalid data in SignUp form",""
"broken","Sun Apr 09 13:19:31 EDT 2023","Sun Apr 09 13:19:42 EDT 2023","11128","","Hotels Signup","","","","Verify error message for invalid data in SignUp form",""
"broken","Sat Apr 08 16:53:49 EDT 2023","Sat Apr 08 16:54:06 EDT 2023","17276","","Hotels Signup","","","","Verify error message for invalid data in SignUp form",""
"failed","Sun Apr 09 13:35:39 EDT 2023","Sun Apr 09 13:35:52 EDT 2023","12540","","Hotels Signup","","","","Verify error message for invalid data in SignUp form",""
"broken","Sun Apr 09 09:33:06 EDT 2023","Sun Apr 09 09:33:17 EDT 2023","10799","","Hotels Signup","","","","Verify error message for invalid data in SignUp form",""
"failed","Sat Apr 08 16:18:39 EDT 2023","Sat Apr 08 16:18:54 EDT 2023","15622","","Hotels Signup","","","","Verify error message for invalid data in SignUp form",""
"passed","Tue Apr 04 23:43:04 EDT 2023","Tue Apr 04 23:43:09 EDT 2023","4954","","Sign up date","","","","Verify current date is selected in sign up form",""
"broken","Wed Apr 05 22:54:49 EDT 2023","Wed Apr 05 22:54:54 EDT 2023","4946","","Sign up date","","","","Verify default state of signup form",""
"broken","Sat Apr 08 15:40:57 EDT 2023","Sat Apr 08 15:41:06 EDT 2023","9041","","Hotels Signup","","","","Verify error message for invalid data in SignUp form",""
"broken","Sat Apr 08 15:53:25 EDT 2023","Sat Apr 08 15:53:35 EDT 2023","9885","","Hotels Signup","","","","Verify error message for invalid data in SignUp form",""
"broken","Tue Apr 04 23:48:51 EDT 2023","Tue Apr 04 23:48:55 EDT 2023","4360","","Sign up date","","","","Verify default state of signup form",""
"broken","Sat Apr 08 16:08:23 EDT 2023","Sat Apr 08 16:08:34 EDT 2023","11065","","Hotels Signup","","","","Verify error message for invalid data in SignUp form",""
"failed","Sun Apr 09 09:33:43 EDT 2023","Sun Apr 09 09:33:55 EDT 2023","11361","","Hotels Signup","","","","Verify error message for invalid data in SignUp form",""
"failed","Sun Apr 09 09:35:58 EDT 2023","Sun Apr 09 09:36:09 EDT 2023","10844","","Hotels Signup","","","","Verify error message for invalid data in SignUp form",""
"broken","Sun Apr 09 12:02:28 EDT 2023","Sun Apr 09 12:02:41 EDT 2023","12552","","Hotels Signup","","","","Verify error message for invalid data in SignUp form",""
"broken","Sun Apr 09 16:20:25 EDT 2023","Sun Apr 09 16:20:29 EDT 2023","3379","","Hotel Travlers","","","","TC-28 Verify Child-age dropdowns are same as number of Children selected",""
"broken","Sun Apr 09 16:22:31 EDT 2023","Sun Apr 09 16:22:34 EDT 2023","3331","","Hotel Travlers","","","","TC-28 Verify Child-age dropdowns are same as number of Children selected",""
"broken","Sat Apr 08 14:21:36 EDT 2023","Sat Apr 08 14:21:39 EDT 2023","3140","","Hotels Signup","","","","Verify error message for invalid data in SignUp form",""
"broken","Sat Apr 08 14:46:09 EDT 2023","Sat Apr 08 14:46:13 EDT 2023","3397","","Hotels Signup","","","","Verify error message for invalid data in SignUp form",""
"broken","Sun Apr 09 13:25:33 EDT 2023","Sun Apr 09 13:25:55 EDT 2023","21399","","Hotels Signup","","","","Verify error message for invalid data in SignUp form",""
"broken","Sat Apr 08 14:26:57 EDT 2023","Sat Apr 08 14:27:00 EDT 2023","3370","","Hotels Signup","","","","Verify error message for invalid data in SignUp form",""
"passed","Sun Apr 09 17:41:59 EDT 2023","Sun Apr 09 17:42:07 EDT 2023","7420","","Hotel Travlers","","","","TC-28 Verify Child-age dropdowns are same as number of Children selected",""
"broken","Sat Apr 08 16:48:32 EDT 2023","Sat Apr 08 16:48:48 EDT 2023","15627","","Hotels Signup","","","","Verify error message for invalid data in SignUp form",""
"passed","Sun Apr 09 17:20:50 EDT 2023","Sun Apr 09 17:20:58 EDT 2023","8418","","Hotel Travlers","","","","TC-28 Verify Child-age dropdowns are same as number of Children selected",""
"broken","Sun Apr 09 14:32:35 EDT 2023","Sun Apr 09 14:32:46 EDT 2023","11641","","Hotels Signup","","","","Verify error message for invalid data in SignUp form",""
"failed","Sun Apr 09 18:59:10 EDT 2023","Sun Apr 09 18:59:20 EDT 2023","9331","","Hotel Travlers","","","","TC-28 Verify Child-age dropdowns are same as number of Children selected",""
"passed","Sun Apr 09 20:11:27 EDT 2023","Sun Apr 09 20:11:31 EDT 2023","3728","","Hotel Travlers","","","","TC-28 Verify Child-age dropdowns are same as number of Children selected",""
"passed","Sat Apr 08 16:54:50 EDT 2023","Sat Apr 08 16:55:09 EDT 2023","19335","","Hotels Signup","","","","Verify error message for invalid data in SignUp form",""
"passed","Sat Apr 08 16:28:08 EDT 2023","Sat Apr 08 16:28:27 EDT 2023","19577","","Hotels Signup","","","","Verify error message for invalid data in SignUp form",""
"passed","Sun Apr 09 20:17:19 EDT 2023","Sun Apr 09 20:17:26 EDT 2023","6975","","Hotel Travlers","","","","TC-28 Verify Child-age dropdowns are same as number of Children selected",""
"passed","Sun Apr 09 19:04:00 EDT 2023","Sun Apr 09 19:04:10 EDT 2023","9653","","Hotel Travlers","","","","TC-28 Verify Child-age dropdowns are same as number of Children selected",""
"broken","Sun Apr 09 14:04:03 EDT 2023","Sun Apr 09 14:04:25 EDT 2023","21498","","Hotels Signup","","","","Verify error message for invalid data in SignUp form",""
"failed","Sat Apr 08 16:25:06 EDT 2023","Sat Apr 08 16:25:26 EDT 2023","19621","","Hotels Signup","","","","Verify error message for invalid data in SignUp form",""
"broken","Sat Apr 08 15:26:34 EDT 2023","Sat Apr 08 15:26:38 EDT 2023","4180","","Hotels Signup","","","","Verify error message for invalid data in SignUp form",""
"passed","Sat Apr 08 16:40:58 EDT 2023","Sat Apr 08 16:41:19 EDT 2023","21125","","Hotels Signup","","","","Verify error message for invalid data in SignUp form",""
"broken","Sun Apr 09 13:57:36 EDT 2023","Sun Apr 09 13:57:48 EDT 2023","11538","","Hotels Signup","","","","Verify error message for invalid data in SignUp form",""
"broken","Sat Apr 08 14:07:27 EDT 2023","Sat Apr 08 14:07:30 EDT 2023","3756","","Hotels Signup","","","","Verify error message for invalid data in SignUp form",""
"failed","Sat Apr 08 16:22:10 EDT 2023","Sat Apr 08 16:22:28 EDT 2023","18094","","Hotels Signup","","","","Verify error message for invalid data in SignUp form",""
"broken","Sun Apr 09 11:59:48 EDT 2023","Sun Apr 09 12:00:00 EDT 2023","11767","","Hotels Signup","","","","Verify error message for invalid data in SignUp form",""
"passed","Sun Apr 09 20:13:03 EDT 2023","Sun Apr 09 20:13:07 EDT 2023","3659","","Hotel Travlers","","","","TC-28 Verify Child-age dropdowns are same as number of Children selected",""
"passed","Sun Apr 09 17:57:58 EDT 2023","Sun Apr 09 17:58:06 EDT 2023","7497","","Hotel Travlers","","","","TC-28 Verify Child-age dropdowns are same as number of Children selected",""
"failed","Sat Apr 08 16:10:35 EDT 2023","Sat Apr 08 16:10:51 EDT 2023","16062","","Hotels Signup","","","","Verify error message for invalid data in SignUp form",""
"passed","Wed Apr 05 23:19:28 EDT 2023","Wed Apr 05 23:19:34 EDT 2023","6110","","Sign up date","","","","Verify current date is selected in sign up form",""
"broken","Sat Apr 08 15:28:03 EDT 2023","Sat Apr 08 15:28:07 EDT 2023","3554","","Hotels Signup","","","","Verify error message for invalid data in SignUp form",""
"broken","Sat Apr 08 15:47:20 EDT 2023","Sat Apr 08 15:47:29 EDT 2023","9011","","Hotels Signup","","","","Verify error message for invalid data in SignUp form",""
"passed","Wed Apr 05 22:54:45 EDT 2023","Wed Apr 05 22:54:52 EDT 2023","7069","","Sign up date","","","","Verify current date is selected in sign up form",""
"broken","Sat Apr 08 15:39:25 EDT 2023","Sat Apr 08 15:39:30 EDT 2023","5268","","Hotels Signup","","","","Verify error message for invalid data in SignUp form",""
"broken","Sun Apr 09 14:33:35 EDT 2023","Sun Apr 09 14:33:48 EDT 2023","13232","","Hotels Signup","","","","Verify error message for invalid data in SignUp form",""
"failed","Sun Apr 09 12:04:01 EDT 2023","Sun Apr 09 12:04:13 EDT 2023","11556","","Hotels Signup","","","","Verify error message for invalid data in SignUp form",""
"failed","Sun Apr 09 12:35:52 EDT 2023","Sun Apr 09 12:36:03 EDT 2023","11331","","Hotels Signup","","","","Verify error message for invalid data in SignUp form",""
"broken","Sun Apr 09 15:52:08 EDT 2023","Sun Apr 09 15:52:21 EDT 2023","12911","","Hotels Signup","","","","TC-20 Verify error message for invalid data in SignUp form",""
"passed","Sun Apr 09 16:25:09 EDT 2023","Sun Apr 09 16:25:14 EDT 2023","5073","","Hotel Travlers","","","","TC-28 Verify Child-age dropdowns are same as number of Children selected",""
"broken","Sat Apr 08 15:52:47 EDT 2023","Sat Apr 08 15:52:56 EDT 2023","8827","","Hotels Signup","","","","Verify error message for invalid data in SignUp form",""
"broken","Sun Apr 09 13:31:28 EDT 2023","Sun Apr 09 13:31:50 EDT 2023","21593","","Hotels Signup","","","","Verify error message for invalid data in SignUp form",""
"broken","Sun Apr 09 16:17:07 EDT 2023","Sun Apr 09 16:17:11 EDT 2023","3626","","Hotel Travlers","","","","TC-28 Verify Child-age dropdowns are same as number of Children selected",""
"passed","Sat Apr 08 16:37:47 EDT 2023","Sat Apr 08 16:38:06 EDT 2023","19140","","Hotels Signup","","","","Verify error message for invalid data in SignUp form",""
"broken","Sun Apr 09 13:07:02 EDT 2023","Sun Apr 09 13:07:14 EDT 2023","11434","","Hotels Signup","","","","Verify error message for invalid data in SignUp form",""
"broken","Sun Apr 09 16:09:41 EDT 2023","Sun Apr 09 16:09:44 EDT 2023","3236","","Hotel Travlers","","","","TC-28 Verify Child-age dropdowns are same as number of Children selected",""
"failed","Sat Apr 08 16:13:34 EDT 2023","Sat Apr 08 16:13:49 EDT 2023","14853","","Hotels Signup","","","","Verify error message for invalid data in SignUp form",""
"broken","Sat Apr 08 16:24:40 EDT 2023","Sat Apr 08 16:24:59 EDT 2023","18911","","Hotels Signup","","","","Verify error message for invalid data in SignUp form",""
"broken","Sat Apr 08 15:19:55 EDT 2023","Sat Apr 08 15:19:58 EDT 2023","3259","","Hotels Signup","","","","Verify error message for invalid data in SignUp form",""
"broken","Sat Apr 08 15:41:44 EDT 2023","Sat Apr 08 15:41:53 EDT 2023","9331","","Hotels Signup","","","","Verify error message for invalid data in SignUp form",""
"passed","Sat Apr 08 16:49:27 EDT 2023","Sat Apr 08 16:49:46 EDT 2023","19539","","Hotels Signup","","","","Verify error message for invalid data in SignUp form",""
"broken","Sun Apr 09 13:42:31 EDT 2023","Sun Apr 09 13:42:53 EDT 2023","22166","","Hotels Signup","","","","Verify error message for invalid data in SignUp form",""
"passed","Sat Apr 08 16:53:47 EDT 2023","Sat Apr 08 16:54:08 EDT 2023","20942","","Hotels Signup","","","","Verify error message for invalid data in SignUp form",""
"broken","Sun Apr 09 08:27:48 EDT 2023","Sun Apr 09 08:27:56 EDT 2023","8330","","Hotels Signup","","","","Verify error message for invalid data in SignUp form",""
"failed","Sun Apr 09 20:15:25 EDT 2023","Sun Apr 09 20:15:28 EDT 2023","3369","","Hotel Travlers","","","","TC-28 Verify Child-age dropdowns are same as number of Children selected",""
"broken","Sun Apr 09 15:49:47 EDT 2023","Sun Apr 09 15:49:58 EDT 2023","11476","","Hotels Signup","","","","TC-20 Verify error message for invalid data in SignUp form",""
"broken","Sun Apr 09 13:21:45 EDT 2023","Sun Apr 09 13:22:06 EDT 2023","21368","","Hotels Signup","","","","Verify error message for invalid data in SignUp form",""
"broken","Sun Apr 09 20:10:58 EDT 2023","Sun Apr 09 20:11:01 EDT 2023","2807","","Hotel Travlers","","","","TC-28 Verify Child-age dropdowns are same as number of Children selected",""
"broken","Sat Apr 08 16:00:51 EDT 2023","Sat Apr 08 16:01:01 EDT 2023","10293","","Hotels Signup","","","","Verify error message for invalid data in SignUp form",""
"failed","Sun Apr 09 09:36:48 EDT 2023","Sun Apr 09 09:36:59 EDT 2023","11581","","Hotels Signup","","","","Verify error message for invalid data in SignUp form",""
"broken","Sun Apr 09 17:20:11 EDT 2023","Sun Apr 09 17:20:16 EDT 2023","5157","","Hotel Travlers","","","","TC-28 Verify Child-age dropdowns are same as number of Children selected",""
"passed","Wed Apr 05 23:19:30 EDT 2023","Wed Apr 05 23:19:39 EDT 2023","9556","","Sign up date","","","","Verify current date is selected in sign up form",""
"passed","Sun Apr 09 18:02:40 EDT 2023","Sun Apr 09 18:02:49 EDT 2023","9357","","Hotel Travlers","","","","TC-28 Verify Child-age dropdowns are same as number of Children selected",""
"broken","Sun Apr 09 14:08:01 EDT 2023","Sun Apr 09 14:08:22 EDT 2023","21458","","Hotels Signup","","","","Verify error message for invalid data in SignUp form",""
"broken","Sun Apr 09 08:28:06 EDT 2023","Sun Apr 09 08:28:14 EDT 2023","8284","","Hotels Signup","","","","Verify error message for invalid data in SignUp form",""
"passed","Wed Apr 05 22:54:42 EDT 2023","Wed Apr 05 22:54:50 EDT 2023","7592","","Sign up date","","","","Verify current date is selected in sign up form",""
"failed","Sat Apr 08 16:15:36 EDT 2023","Sat Apr 08 16:15:57 EDT 2023","20589","","Hotels Signup","","","","Verify error message for invalid data in SignUp form",""
"broken","Sat Apr 08 16:33:17 EDT 2023","Sat Apr 08 16:33:37 EDT 2023","20047","","Hotels Signup","","","","Verify error message for invalid data in SignUp form",""
"passed","Sun Apr 09 16:23:24 EDT 2023","Sun Apr 09 16:23:31 EDT 2023","7112","","Hotel Travlers","","","","TC-28 Verify Child-age dropdowns are same as number of Children selected",""
"broken","Sun Apr 09 09:34:05 EDT 2023","Sun Apr 09 09:34:16 EDT 2023","11054","","Hotels Signup","","","","Verify error message for invalid data in SignUp form",""
"passed","Sun Apr 09 20:20:41 EDT 2023","Sun Apr 09 20:20:50 EDT 2023","9263","","Hotel Travlers","","","","TC-28 Verify Child-age dropdowns are same as number of Children selected",""
"passed","Tue Apr 04 23:48:46 EDT 2023","Tue Apr 04 23:48:51 EDT 2023","5251","","Sign up date","","","","Verify current date is selected in sign up form",""
"broken","Sat Apr 08 14:15:00 EDT 2023","Sat Apr 08 14:15:04 EDT 2023","4406","","Hotels Signup","","","","Verify error message for invalid data in SignUp form",""
"broken","Sun Apr 09 09:34:54 EDT 2023","Sun Apr 09 09:35:08 EDT 2023","14232","","Hotels Signup","","","","Verify error message for invalid data in SignUp form",""
"broken","Sat Apr 08 14:13:03 EDT 2023","Sat Apr 08 14:13:10 EDT 2023","7471","","Hotels Signup","","","","Verify error message for invalid data in SignUp form",""
"broken","Sat Apr 08 15:58:40 EDT 2023","Sat Apr 08 15:58:50 EDT 2023","10350","","Hotels Signup","","","","Verify error message for invalid data in SignUp form",""
"broken","Sun Apr 09 16:15:19 EDT 2023","Sun Apr 09 16:15:22 EDT 2023","3028","","Hotel Travlers","","","","TC-28 Verify Child-age dropdowns are same as number of Children selected",""
"broken","Sun Apr 09 16:09:07 EDT 2023","Sun Apr 09 16:09:10 EDT 2023","2998","","Hotel Travlers","","","","TC-28 Verify Child-age dropdowns are same as number of Children selected",""
"broken","Sat Apr 08 15:44:19 EDT 2023","Sat Apr 08 15:44:28 EDT 2023","9750","","Hotels Signup","","","","Verify error message for invalid data in SignUp form",""
"passed","Sun Apr 09 20:18:23 EDT 2023","Sun Apr 09 20:18:30 EDT 2023","7236","","Hotel Travlers","","","","TC-28 Verify Child-age dropdowns are same as number of Children selected",""
"passed","Sun Apr 09 16:23:51 EDT 2023","Sun Apr 09 16:23:56 EDT 2023","5208","","Hotel Travlers","","","","TC-28 Verify Child-age dropdowns are same as number of Children selected",""
"broken","Sun Apr 09 13:08:08 EDT 2023","Sun Apr 09 13:08:21 EDT 2023","13833","","Hotels Signup","","","","Verify error message for invalid data in SignUp form",""
"broken","Sat Apr 08 15:46:13 EDT 2023","Sat Apr 08 15:46:22 EDT 2023","9324","","Hotels Signup","","","","Verify error message for invalid data in SignUp form",""
"passed","Sun Apr 09 12:37:19 EDT 2023","Sun Apr 09 12:37:34 EDT 2023","14489","","Hotels Signup","","","","Verify error message for invalid data in SignUp form",""
"broken","Sat Apr 08 14:16:56 EDT 2023","Sat Apr 08 14:16:59 EDT 2023","3747","","Hotels Signup","","","","Verify error message for invalid data in SignUp form",""
"broken","Sat Apr 08 16:12:59 EDT 2023","Sat Apr 08 16:13:19 EDT 2023","19405","","Hotels Signup","","","","Verify error message for invalid data in SignUp form",""
"passed","Wed Apr 05 23:14:43 EDT 2023","Wed Apr 05 23:14:48 EDT 2023","4964","","Sign up date","","","","Verify current date is selected in sign up form",""
"passed","Wed Apr 05 22:54:42 EDT 2023","Wed Apr 05 22:54:49 EDT 2023","6543","","Sign up date","","","","Verify current date is selected in sign up form",""
"passed","Wed Apr 05 23:19:31 EDT 2023","Wed Apr 05 23:19:50 EDT 2023","19419","","Sign up date","","","","Verify current date is selected in sign up form",""
"passed","Sun Apr 09 20:19:48 EDT 2023","Sun Apr 09 20:19:55 EDT 2023","7661","","Hotel Travlers","","","","TC-28 Verify Child-age dropdowns are same as number of Children selected",""
"failed","Sun Apr 09 20:14:19 EDT 2023","Sun Apr 09 20:14:23 EDT 2023","3773","","Hotel Travlers","","","","TC-28 Verify Child-age dropdowns are same as number of Children selected",""
"broken","Sat Apr 08 15:35:11 EDT 2023","Sat Apr 08 15:35:14 EDT 2023","3308","","Hotels Signup","","","","Verify error message for invalid data in SignUp form",""
"broken","Sat Apr 08 15:38:57 EDT 2023","Sat Apr 08 15:39:00 EDT 2023","3199","","Hotels Signup","","","","Verify error message for invalid data in SignUp form",""
"broken","Sun Apr 09 14:09:22 EDT 2023","Sun Apr 09 14:09:49 EDT 2023","26739","","Hotels Signup","","","","Verify error message for invalid data in SignUp form",""
"broken","Sun Apr 09 08:32:34 EDT 2023","Sun Apr 09 08:32:44 EDT 2023","10298","","Hotels Signup","","","","Verify error message for invalid data in SignUp form",""
"passed","Sun Apr 09 20:21:47 EDT 2023","Sun Apr 09 20:21:54 EDT 2023","7019","","Hotel Travlers","","","","TC-28 Verify Child-age dropdowns are same as number of Children selected",""
"failed","Sun Apr 09 09:08:16 EDT 2023","Sun Apr 09 09:08:28 EDT 2023","12315","","Hotels Signup","","","","Verify error message for invalid data in SignUp form",""
"broken","Sun Apr 09 16:13:56 EDT 2023","Sun Apr 09 16:14:00 EDT 2023","3643","","Hotel Travlers","","","","TC-28 Verify Child-age dropdowns are same as number of Children selected",""
"passed","Sun Apr 09 20:19:16 EDT 2023","Sun Apr 09 20:19:24 EDT 2023","8024","","Hotel Travlers","","","","TC-28 Verify Child-age dropdowns are same as number of Children selected",""
"broken","Sun Apr 09 14:00:03 EDT 2023","Sun Apr 09 14:00:14 EDT 2023","11209","","Hotels Signup","","","","Verify error message for invalid data in SignUp form",""
"broken","Wed Apr 05 22:54:52 EDT 2023","Wed Apr 05 22:54:58 EDT 2023","5304","","Sign up date","","","","Verify default state of signup form",""
"broken","Wed Apr 05 22:54:50 EDT 2023","Wed Apr 05 22:54:56 EDT 2023","6159","","Sign up date","","","","Verify default state of signup form",""
"passed","Sun Apr 09 20:52:53 EDT 2023","Sun Apr 09 20:53:00 EDT 2023","7106","","Hotel Travlers","","","","TC-28 Verify Child-age dropdowns are same as number of Children selected",""
"broken","Sat Apr 08 16:53:48 EDT 2023","Sat Apr 08 16:54:06 EDT 2023","18171","","Hotels Signup","","","","Verify error message for invalid data in SignUp form",""
"broken","Sat Apr 08 16:31:33 EDT 2023","Sat Apr 08 16:31:51 EDT 2023","17375","","Hotels Signup","","","","Verify error message for invalid data in SignUp form",""
"failed","Sun Apr 09 09:26:51 EDT 2023","Sun Apr 09 09:27:02 EDT 2023","10794","","Hotels Signup","","","","Verify error message for invalid data in SignUp form",""
"broken","Sat Apr 08 15:34:08 EDT 2023","Sat Apr 08 15:34:14 EDT 2023","5311","","Hotels Signup","","","","Verify error message for invalid data in SignUp form",""
"broken","Sat Apr 08 15:21:43 EDT 2023","Sat Apr 08 15:21:47 EDT 2023","4306","","Hotels Signup","","","","Verify error message for invalid data in SignUp form",""
"broken","Sat Apr 08 16:40:31 EDT 2023","Sat Apr 08 16:40:50 EDT 2023","19436","","Hotels Signup","","","","Verify error message for invalid data in SignUp form",""
